<?xml version="1.0" encoding="UTF-8"?>
<beans xmlns="http://www.springframework.org/schema/beans"
	xmlns:xsi="http://www.w3.org/2001/XMLSchema-instance"
	xmlns:context="http://www.springframework.org/schema/context"
	xmlns:mvc="http://www.springframework.org/schema/mvc"
	xsi:schemaLocation="http://www.springframework.org/schema/beans 
	    http://www.springframework.org/schema/beans/spring-beans.xsd
		http://www.springframework.org/schema/context 
		http://www.springframework.org/schema/context/spring-context-3.0.xsd
		http://www.springframework.org/schema/mvc 
		http://www.springframework.org/schema/mvc/spring-mvc-3.0.xsd">

   <!-- 开启包扫描 -->
   <context:component-scan base-package="com.aaa.mvc"></context:component-scan>
   <!-- 开启springmvc的注解驱动   识别controller中相关的注解-->
   <mvc:annotation-driven/>
   
   <!-- 上传配置 -->
   <bean id="multipartResolver" class="org.springframework.web.multipart.commons.CommonsMultipartResolver">
       <!-- 限制上传文件大小  value是限制的文件大小，单位是字节 大约20M -->
       <property name="maxUploadSize" value="20480000"></property>
   </bean>
   
   <!-- 视图解析器 -->
   <bean class="org.springframework.web.servlet.view.InternalResourceViewResolver">
        <!-- 前缀，相对目录为WebRoot -->
       <property name="prefix" value="/WEB-INF/jsp/"></property> 
        <!-- 后缀  视图名称以value配置结尾-->
       <property name="suffix" value=".jsp"></property> 
   </bean>
   <!-- 自定义的处理器 -->
   <!-- <bean name="/userController" class="com.aaa.mvc.controller.UserController"></bean> -->
</beans>